-- ============================================
-- 电商系统测试数据 - 20组数据
-- 图片来源: https://zym-qlbm-2005.oss-cn-guangzhou.aliyuncs.com/
-- ============================================

-- ============================================
-- 1. 管理员表 (admins) - 2条记录
-- ============================================
INSERT INTO admins (id, created_at, is_deleted, updated_at, avatar, last_login_ip, last_login_time, nickname, password, status, username)
VALUES
    (1, '2025-01-01 10:00:00', 0, '2025-04-17 10:00:00', 'https://zym-qlbm-2005.oss-cn-guangzhou.aliyuncs.com/%E5%BE%AE%E4%BF%A1%E5%9B%BE%E7%89%87_2025-12-04_224407_588.jpg', '127.0.0.1', '2025-04-17 10:00:00', '超级管理员', '$2a$10$abcdefghijklmnopqrstuv', 1, 'admin'),
    (2, '2025-02-15 09:30:00', 0, '2025-04-16 14:30:00', 'https://zym-qlbm-2005.oss-cn-guangzhou.aliyuncs.com/common.jpg', '192.168.1.100', '2025-04-16 14:30:00', '运营专员', '$2a$10$zyxwvutsrqponmlkjihgfedcba', 1, 'operator');

-- ============================================
-- 2. 公告表 (announcements) - 3条记录
-- ============================================
INSERT INTO announcements (id, created_at, is_deleted, updated_at, content, status, title, type)
VALUES
    (1, '2025-03-01 08:00:00', 0, '2025-03-01 08:00:00', '【重要通知】平台将于本周六凌晨2:00-6:00进行系统升级，届时部分功能将暂停使用，请提前做好准备。', 1, '系统升级公告', 1),
    (2, '2025-03-10 10:00:00', 0, '2025-03-10 10:00:00', '新用户首单立减20元，点击领取优惠券，先到先得！', 1, '新用户专享优惠', 2),
    (3, '2025-03-15 14:00:00', 0, '2025-03-15 14:00:00', '恭喜以下商家荣获2025年度优秀商家称号：时尚潮流馆、数码科技城、家居生活馆。', 1, '年度优秀商家公示', 3);

-- ============================================
-- 3. 横幅广告表 (banners) - 4条记录
-- ============================================
INSERT INTO banners (id, created_at, is_deleted, updated_at, click_count, end_time, image, link, link_type, position, sort, start_time, status, title)
VALUES
    (1, '2025-01-01 00:00:00', 0, '2025-01-01 00:00:00', 12580, '2025-12-31 23:59:59', 'https://zym-qlbm-2005.oss-cn-guangzhou.aliyuncs.com/%E5%B1%8F%E5%B9%95%E6%88%AA%E5%9B%BE%202025-10-23%20234242.png', '/pages/index/index', 'page', 1, 1, '2025-01-01 00:00:00', 1, '春季大促活动'),
    (2, '2025-01-01 00:00:00', 0, '2025-01-01 00:00:00', 8960, '2025-12-31 23:59:59', 'https://zym-qlbm-2005.oss-cn-guangzhou.aliyuncs.com/4676.jpg_wh860%20%281%29.jpg', '/pages/category/category', 'page', 1, 2, '2025-01-01 00:00:00', 1, '新品上市'),
    (3, '2025-01-01 00:00:00', 0, '2025-01-01 00:00:00', 5680, '2025-06-30 23:59:59', 'https://zym-qlbm-2005.oss-cn-guangzhou.aliyuncs.com/common.jpg', 'https://example.com/promotion', 'webview', 2, 1, '2025-01-01 00:00:00', 1, '会员专享福利'),
    (4, '2025-01-01 00:00:00', 0, '2025-01-01 00:00:00', 3200, '2025-05-31 23:59:59', 'https://zym-qlbm-2005.oss-cn-guangzhou.aliyuncs.com/%E5%BE%AE%E4%BF%A1%E5%9B%BE%E7%89%87_2025-12-04_224407_588.jpg', '/pages/merchant/merchant?id=1', 'page', 3, 1, '2025-01-01 00:00:00', 1, '优质商家推荐');

-- ============================================
-- 4. 商品分类表 (categories) - 6条记录（树形结构）
-- ============================================
INSERT INTO categories (id, created_at, is_deleted, updated_at, icon, image, level, name, parent_id, sort, status)
VALUES
    (1, '2025-01-01 00:00:00', 0, '2025-01-01 00:00:00', 'icon-electronic', 'https://zym-qlbm-2005.oss-cn-guangzhou.aliyuncs.com/common.jpg', 1, '数码电子', NULL, 1, 1),
    (2, '2025-01-01 00:00:00', 0, '2025-01-01 00:00:00', 'icon-clothing', 'https://zym-qlbm-2005.oss-cn-guangzhou.aliyuncs.com/4676.jpg_wh860%20%281%29.jpg', 1, '服装鞋包', NULL, 2, 1),
    (3, '2025-01-01 00:00:00', 0, '2025-01-01 00:00:00', 'icon-home', 'https://zym-qlbm-2005.oss-cn-guangzhou.aliyuncs.com/%E5%B1%8F%E5%B9%95%E6%88%AA%E5%9B%BE%202025-10-23%20234242.png', 1, '家居生活', NULL, 3, 1),
    (4, '2025-01-01 00:00:00', 0, '2025-01-01 00:00:00', 'icon-phone', NULL, 2, '智能手机', 1, 1, 1),
    (5, '2025-01-01 00:00:00', 0, '2025-01-01 00:00:00', 'icon-laptop', NULL, 2, '笔记本电脑', 1, 2, 1),
    (6, '2025-01-01 00:00:00', 0, '2025-01-01 00:00:00', 'icon-dress', NULL, 2, '女装', 2, 1, 1);

-- ============================================
-- 5. 用户表 (users) - 5条记录
-- ============================================
INSERT INTO users (id, created_at, is_deleted, updated_at, avatar, balance, birthday, email, gender, last_login_ip, last_login_time, nickname, status, username)
VALUES
    (1, '2025-01-10 12:00:00', 0, '2025-04-17 09:00:00', 'https://zym-qlbm-2005.oss-cn-guangzhou.aliyuncs.com/%E5%BE%AE%E4%BF%A1%E5%9B%BE%E7%89%87_2025-12-04_224407_588.jpg', 5000.00, '1995-06-15', 'zhangsan@example.com', 1, '192.168.1.101', '2025-04-17 09:00:00', '张三', 1, 'zhangsan'),
    (2, '2025-01-15 14:30:00', 0, '2025-04-16 18:00:00', 'https://zym-qlbm-2005.oss-cn-guangzhou.aliyuncs.com/common.jpg', 3500.50, '1990-03-20', 'lisi@example.com', 1, '192.168.1.102', '2025-04-16 18:00:00', '李四', 1, 'lisi'),
    (3, '2025-02-01 09:00:00', 0, '2025-04-15 20:00:00', 'https://zym-qlbm-2005.oss-cn-guangzhou.aliyuncs.com/4676.jpg_wh860%20%281%29.jpg', 8000.00, '1988-11-08', 'wangwu@example.com', 1, '192.168.1.103', '2025-04-15 20:00:00', '王五', 1, 'wangwu'),
    (4, '2025-02-10 16:00:00', 0, '2025-04-14 15:00:00', 'https://zym-qlbm-2005.oss-cn-guangzhou.aliyuncs.com/%E5%B1%8F%E5%B9%95%E6%88%AA%E5%9B%BE%202025-10-23%20234242.png', 1200.00, '1998-07-25', 'zhaoliu@example.com', 2, '192.168.1.104', '2025-04-14 15:00:00', '赵六', 1, 'zhaoliu'),
    (5, '2025-02-20 11:00:00', 0, '2025-04-13 10:00:00', 'https://zym-qlbm-2005.oss-cn-guangzhou.aliyuncs.com/%E5%BE%AE%E4%BF%A1%E5%9B%BE%E7%89%87_2025-12-04_224407_588.jpg', 2500.00, '1992-01-30', 'sunqi@example.com', 2, '192.168.1.105', '2025-04-13 10:00:00', '孙七', 1, 'sunqi');

-- ============================================
-- 6. 用户地址表 (user_addresses) - 8条记录
-- ============================================
INSERT INTO user_addresses (id, created_at, is_deleted, updated_at, city, detail_address, district, is_default, postal_code, province, receiver_name, receiver_phone, user_id)
VALUES
    (1, '2025-01-10 12:30:00', 0, '2025-01-10 12:30:00', '深圳市', '科技园南区A栋1201室', '南山区', 1, '518000', '广东省', '张三', '13800138001', 1),
    (2, '2025-01-12 15:00:00', 0, '2025-02-15 10:00:00', '广州市', '天河区珠江新城花城大道88号', '天河区', 0, '510000', '广东省', '张三', '13800138001', 1),
    (3, '2025-01-15 14:45:00', 0, '2025-01-15 14:45:00', '上海市', '浦东新区陆家嘴金融中心1001室', '浦东新区', 1, '200000', '上海市', '李四', '13800138002', 2),
    (4, '2025-02-01 09:30:00', 0, '2025-02-01 09:30:00', '北京市', '朝阳区建国门外大街1号', '朝阳区', 1, '100000', '北京市', '王五', '13800138003', 3),
    (5, '2025-02-05 11:00:00', 0, '2025-03-20 16:00:00', '杭州市', '西湖区文三路388号', '西湖区', 0, '310000', '浙江省', '王五', '13800138003', 3),
    (6, '2025-02-10 16:30:00', 0, '2025-02-10 16:30:00', '成都市', '高新区天府大道中段666号', '高新区', 1, '610000', '四川省', '赵六', '13800138004', 4),
    (7, '2025-02-20 11:30:00', 0, '2025-02-20 11:30:00', '南京市', '玄武区中山路100号', '玄武区', 1, '210000', '江苏省', '孙七', '13800138005', 5),
    (8, '2025-02-25 14:00:00', 0, '2025-02-25 14:00:00', '武汉市', '洪山区珞瑜路888号', '洪山区', 0, '430000', '湖北省', '孙七', '13800138005', 5);

-- ============================================
-- 7. 商家申请表 (merchant_applications) - 3条记录
-- ============================================
INSERT INTO merchant_applications (id, created_at, is_deleted, updated_at, apply_time, audit_time, business_license, category, contact_email, contact_name, contact_phone, id_card_back, id_card_front, remark, status, store_name, store_type, user_id)
VALUES
    (1, '2025-01-05 10:00:00', 0, '2025-01-08 14:00:00', '2025-01-05 10:00:00', '2025-01-08 14:00:00', 'https://zym-qlbm-2005.oss-cn-guangzhou.aliyuncs.com/common.jpg', '数码电子', 'merchant1@example.com', '陈小明', '13900000001', 'https://zym-qlbm-2005.oss-cn-guangzhou.aliyuncs.com/4676.jpg_wh860%20%281%29.jpg', 'https://zym-qlbm-2005.oss-cn-guangzhou.aliyuncs.com/%E5%BE%AE%E4%BF%A1%E5%9B%BE%E7%89%87_2025-12-04_224407_588.jpg', '资料齐全，符合入驻条件', 2, '数码科技城', '旗舰店', 1),
    (2, '2025-01-15 09:00:00', 0, '2025-01-18 16:00:00', '2025-01-15 09:00:00', '2025-01-18 16:00:00', 'https://zym-qlbm-2005.oss-cn-guangzhou.aliyuncs.com/%E5%B1%8F%E5%B9%95%E6%88%AA%E5%9B%BE%202025-10-23%20234242.png', '服装鞋包', 'merchant2@example.com', '周小红', '13900000002', 'https://zym-qlbm-2005.oss-cn-guangzhou.aliyuncs.com/common.jpg', 'https://zym-qlbm-2005.oss-cn-guangzhou.aliyuncs.com/4676.jpg_wh860%20%281%29.jpg', '品牌授权书已提供', 2, '时尚潮流馆', '专卖店', 2),
    (3, '2025-02-01 14:00:00', 0, '2025-02-05 11:00:00', '2025-02-01 14:00:00', '2025-02-05 11:00:00', 'https://zym-qlbm-2005.oss-cn-guangzhou.aliyuncs.com/4676.jpg_wh860%20%281%29.jpg', '家居生活', 'merchant3@example.com', '吴大厨', '13900000003', 'https://zym-qlbm-2005.oss-cn-guangzhou.aliyuncs.com/%E5%B1%8F%E5%B9%95%E6%88%AA%E5%9B%BE%202025-10-23%20234242.png', 'https://zym-qlbm-2005.oss-cn-guangzhou.aliyuncs.com/common.jpg', '等待补充质检报告', 0, '家居生活馆', '旗舰店', 3);

-- ============================================
-- 8. 商家表 (merchants) - 4条记录
-- ============================================
INSERT INTO merchants (id, created_at, is_deleted, updated_at, audit_status, audit_time, category, contact_email, contact_name, contact_phone, followers, rating, sales, status, store_banner, store_description, store_logo, store_name, store_type, username, user_id)
VALUES
    (1, '2025-01-08 14:00:00', 0, '2025-04-17 10:00:00', 2, '2025-01-08 14:00:00', '数码电子', 'merchant1@example.com', '陈小明', '13900000001', 15800, 4.8, 256800, 1, 'https://zym-qlbm-2005.oss-cn-guangzhou.aliyuncs.com/%E5%B1%8F%E5%B9%95%E6%88%AA%E5%9B%BE%202025-10-23%20234242.png', '专注数码科技产品，提供正品行货，全国联保服务。主营手机、电脑、数码配件等产品，品质保证，价格优惠。', 'https://zym-qlbm-2005.oss-cn-guangzhou.aliyuncs.com/common.jpg', '数码科技城', '旗舰店', 'merchant001', 1),
    (2, '2025-01-18 16:00:00', 0, '2025-04-16 15:00:00', 2, '2025-01-18 16:00:00', '服装鞋包', 'merchant2@example.com', '周小红', '13900000002', 12300, 4.7, 189500, 1, 'https://zym-qlbm-2005.oss-cn-guangzhou.aliyuncs.com/4676.jpg_wh860%20%281%29.jpg', '时尚女装专家，引领潮流穿搭。精选优质面料，匠心工艺，为您打造独特的时尚风格。', 'https://zym-qlbm-2005.oss-cn-guangzhou.aliyuncs.com/%E5%BE%AE%E4%BF%A1%E5%9B%BE%E7%89%87_2025-12-04_224407_588.jpg', '时尚潮流馆', '专卖店', 'merchant002', 2),
    (3, '2025-02-05 11:00:00', 0, '2025-04-15 12:00:00', 2, '2025-02-05 11:00:00', '家居生活', 'merchant3@example.com', '吴大厨', '13900000003', 9800, 4.9, 156200, 1, 'https://zym-qlbm-2005.oss-cn-guangzhou.aliyuncs.com/common.jpg', '品质家居生活，从这里开始。主营家具、家纺、厨具等生活用品，让家更温馨。', 'https://zym-qlbm-2005.oss-cn-guangzhou.aliyuncs.com/%E5%B1%8F%E5%B9%95%E6%88%AA%E5%9B%BE%202025-10-23%20234242.png', '家居生活馆', '旗舰店', 'merchant003', 3),
    (4, '2025-03-01 10:00:00', 0, '2025-04-14 09:00:00', 2, '2025-03-01 10:00:00', '服装鞋包', 'merchant4@example.com', '郑大卫', '13900000004', 5600, 4.6, 78000, 1, 'https://zym-qlbm-2005.oss-cn-guangzhou.aliyuncs.com/%E5%BE%AE%E4%BF%A1%E5%9B%BE%E7%89%87_2025-12-04_224407_588.jpg', '专业运动装备，为健康生活助力。主营运动服饰、鞋类、健身器材等。', 'https://zym-qlbm-2005.oss-cn-guangzhou.aliyuncs.com/4676.jpg_wh860%20%281%29.jpg', '运动活力店', '专营店', 'merchant004', 4);

-- ============================================
-- 9. 商家账户表 (merchant_accounts) - 4条记录
-- ============================================
INSERT INTO merchant_accounts (id, created_at, is_deleted, updated_at, pending_withdraw, total_income, withdrawable, withdrawn, merchant_id)
VALUES
    (1, '2025-01-08 14:00:00', 0, '2025-04-17 10:00:00', 5000.00, 280000.00, 85000.00, 190000.00, 1),
    (2, '2025-01-18 16:00:00', 0, '2025-04-16 15:00:00', 3000.00, 200000.00, 65000.00, 132000.00, 2),
    (3, '2025-02-05 11:00:00', 0, '2025-04-15 12:00:00', 8000.00, 165000.00, 48000.00, 109000.00, 3),
    (4, '2025-03-01 10:00:00', 0, '2025-04-14 09:00:00', 2000.00, 82000.00, 25000.00, 55000.00, 4);

-- ============================================
-- 10. 优惠券表 (coupons) - 5条记录
-- ============================================
INSERT INTO coupons (id, created_at, is_deleted, updated_at, category_ids, end_time, limit_per_user, max_discount, min_amount, name, product_ids, receive_count, scope, start_time, status, total_count, type, used_count, valid_days, value, merchant_id)
VALUES
    (1, '2025-03-01 00:00:00', 0, '2025-03-01 00:00:00', NULL, '2025-04-30 23:59:59', 1, 50.00, 200.00, '新人专享券', NULL, 5680, 'all', '2025-03-01 00:00:00', 1, 10000, 1, 1250, NULL, 50.00, NULL),
    (2, '2025-03-05 00:00:00', 0, '2025-03-05 00:00:00', '1,2,3', '2025-05-15 23:59:59', 2, NULL, 100.00, '数码品类券', NULL, 3200, 'category', '2025-03-05 00:00:00', 1, 5000, 2, 890, NULL, 20.00, 1),
    (3, '2025-03-10 00:00:00', 0, '2025-03-10 00:00:00', NULL, '2025-04-20 23:59:59', 1, 30.00, 150.00, '春季满减券', NULL, 4500, 'all', '2025-03-10 00:00:00', 1, 8000, 1, 2100, NULL, 30.00, 2),
    (4, '2025-03-15 00:00:00', 0, '2025-03-15 00:00:00', '1', '2025-05-31 23:59:59', 3, NULL, 300.00, '手机专享券', NULL, 1850, 'category', '2025-03-15 00:00:00', 1, 3000, 2, 420, NULL, 50.00, 1),
    (5, '2025-03-20 00:00:00', 0, '2025-03-20 00:00:00', NULL, '2025-04-25 23:59:59', 1, 100.00, 500.00, '家居大额券', NULL, 2100, 'all', '2025-03-20 00:00:00', 1, 2000, 1, 580, NULL, 100.00, 3);

-- ============================================
-- 11. 营销活动表 (marketing_activities) - 3条记录
-- ============================================
INSERT INTO marketing_activities (id, created_at, is_deleted, updated_at, description, end_time, name, start_time, status, type, merchant_id)
VALUES
    (1, '2025-03-01 00:00:00', 0, '2025-03-01 00:00:00', '春季大促，全场数码产品8折起，购买即送精美礼品，数量有限，先到先得。', '2025-04-30 23:59:59', '春季数码节', '2025-03-01 00:00:00', 1, 'flash_sale', 1),
    (2, '2025-03-10 00:00:00', 0, '2025-03-10 00:00:00', '新品上市，全场女装8.5折，还有满399减50优惠活动。', '2025-04-15 23:59:59', '春夏新品发布会', '2025-03-10 00:00:00', 1, 'discount', 2),
    (3, '2025-03-20 00:00:00', 0, '2025-03-20 00:00:00', '家居焕新季，全场家具、家纺产品满减活动，满1000减200，满2000减500。', '2025-05-31 23:59:59', '家居焕新季', '2025-03-20 00:00:00', 1, 'full_reduction', 3);

-- ============================================
-- 12. 产品表 (products) - 8条记录
-- ============================================
INSERT INTO products (id, created_at, is_deleted, updated_at, cost_price, description, detail, favorite_count, image, images, is_featured, is_hot, is_new, keywords, name, original_price, price, publish_status, rating, review_count, sold_count, stock, sub_name, tags, category_id, merchant_id)
VALUES
    (1, '2025-02-01 10:00:00', 0, '2025-04-17 10:00:00', 3500.00, '最新款5G智能手机，搭载旗舰处理器，性能强劲。', '<p>产品详情介绍：</p><p>屏幕：6.7英寸AMOLED曲面屏，120Hz刷新率</p><p>处理器：骁龙8 Gen 3</p><p>内存：12GB+256GB</p><p>摄像头：5000万主摄+超广角+长焦</p><p>电池：5000mAh，支持120W快充</p>', 2560, 'https://zym-qlbm-2005.oss-cn-guangzhou.aliyuncs.com/%E5%BE%AE%E4%BF%A1%E5%9B%BE%E7%89%87_2025-12-04_224407_588.jpg', 'https://zym-qlbm-2005.oss-cn-guangzhou.aliyuncs.com/%E5%BE%AE%E4%BF%A1%E5%9B%BE%E7%89%87_2025-12-04_224407_588.jpg,https://zym-qlbm-2005.oss-cn-guangzhou.aliyuncs.com/common.jpg,https://zym-qlbm-2005.oss-cn-guangzhou.aliyuncs.com/4676.jpg_wh860%20%281%29.jpg', 1, 1, 1, '手机 5G 智能 旗舰', '旗舰5G智能手机', 4999.00, 3999.00, 1, 4.8, 1256, 5680, 500, '骁龙8 Gen 3旗舰芯', '5G,旗舰,新品', 4, 1),
    (2, '2025-02-05 10:00:00', 0, '2025-04-16 10:00:00', 4500.00, '高性能轻薄笔记本电脑，办公游戏两不误。', '<p>产品详情介绍：</p><p>屏幕：14英寸2K高清屏</p><p>处理器：Intel i7第13代</p><p>内存：16GB+512GB SSD</p><p>显卡：RTX 4050</p><p>重量：1.5kg，轻薄便携</p>', 1850, 'https://zym-qlbm-2005.oss-cn-guangzhou.aliyuncs.com/common.jpg', 'https://zym-qlbm-2005.oss-cn-guangzhou.aliyuncs.com/common.jpg,https://zym-qlbm-2005.oss-cn-guangzhou.aliyuncs.com/%E5%B1%8F%E5%B9%95%E6%88%AA%E5%9B%BE%202025-10-23%20234242.png', 1, 0, 1, '笔记本 电脑 轻薄 办公', '高性能轻薄笔记本', 6999.00, 5999.00, 1, 4.7, 856, 3250, 200, 'Intel i7+RTX4050', '轻薄,高性能', 5, 1),
    (3, '2025-02-10 10:00:00', 0, '2025-04-15 10:00:00,2025-04-17 10:00:00', 150.00, '2025春季新款时尚连衣裙，优雅大方。', '<p>产品详情介绍：</p><p>面料：优质雪纺面料，轻薄透气</p><p>款式：收腰A字裙设计，修饰身材</p><p>颜色：白色、粉色、蓝色可选</p><p>尺码：S、M、L、XL</p><p>特点：透气舒适，适合春夏季穿着</p>', 3280, 'https://zym-qlbm-2005.oss-cn-guangzhou.aliyuncs.com/4676.jpg_wh860%20%281%29.jpg', 'https://zym-qlbm-2005.oss-cn-guangzhou.aliyuncs.com/4676.jpg_wh860%20%281%29.jpg,https://zym-qlbm-2005.oss-cn-guangzhou.aliyuncs.com/%E5%BE%AE%E4%BF%A1%E5%9B%BE%E7%89%87_2025-12-04_224407_588.jpg,https://zym-qlbm-2005.oss-cn-guangzhou.aliyuncs.com/common.jpg', 1, 1, 1, '连衣裙 女装 春装 时尚', '春季新款时尚连衣裙', 399.00, 299.00, 1, 4.9, 2156, 8560, 1000, '2025春季新款', '春装,时尚,爆款', 6, 2),
    (4, '2025-02-15 10:00:00', 0, '2025-04-14 10:00:00', 800.00, '真皮沙发组合，客厅品质之选。', '<p>产品详情介绍：</p><p>材质：头层牛皮+实木框架</p><p>颜色：深棕色、浅灰色可选</p><p>尺寸：三人位+贵妃椅组合</p><p>特点：高回弹海绵坐垫，舒适耐用</p><p>质保：10年质保，终身维护</p>', 980, 'https://zym-qlbm-2005.oss-cn-guangzhou.aliyuncs.com/%E5%B1%8F%E5%B9%95%E6%88%AA%E5%9B%BE%202025-10-23%20234242.png', 'https://zym-qlbm-2005.oss-cn-guangzhou.aliyuncs.com/%E5%B1%8F%E5%B9%95%E6%88%AA%E5%9B%BE%202025-10-23%20234242.png,https://zym-qlbm-2005.oss-cn-guangzhou.aliyuncs.com/common.jpg,https://zym-qlbm-2005.oss-cn-guangzhou.aliyuncs.com/%E5%BE%AE%E4%BF%A1%E5%9B%BE%E7%89%87_2025-12-04_224407_588.jpg', 1, 0, 0, '沙发 真皮 客厅 家具', '头层真皮沙发组合', 8999.00, 6999.00, 1, 4.8, 456, 1250, 50, '三人位+贵妃椅', '真皮,高端,品质', 3, 3),
    (5, '2025-02-20 10:00:00', 0, '2025-04-13 10:00:00', 80.00, '智能蓝牙耳机，音乐随行。', '<p>产品详情介绍：</p><p>蓝牙版本：5.3，连接稳定</p><p>续航：单次8小时，配合充电盒32小时</p><p>降噪：主动降噪+通话降噪</p><p>防水：IPX5级防水</p><p>兼容：安卓、苹果全系列</p>', 1560, 'https://zym-qlbm-2005.oss-cn-guangzhou.aliyuncs.com/common.jpg', 'https://zym-qlbm-2005.oss-cn-guangzhou.aliyuncs.com/common.jpg,https://zym-qlbm-2005.oss-cn-guangzhou.aliyuncs.com/4676.jpg_wh860%20%281%29.jpg', 0, 1, 0, '耳机 蓝牙 无线 降噪', '智能降噪蓝牙耳机', 399.00, 199.00, 1, 4.6, 892, 4580, 800, '主动降噪版', '降噪,无线,便携', 4, 1),
    (6, '2025-02-25 10:00:00', 0, '2025-04-12 10:00:00', 120.00, '纯棉四件套，舒适睡眠。', '<p>产品详情介绍：</p><p>面料：100%纯棉，60支高支高密</p><p>规格：被套200*230cm，床单245*250cm，枕套48*74cm*2</p><p>颜色：浅蓝色、浅粉色、米白色可选</p><p>特点：柔软舒适，透气亲肤</p>', 720, 'https://zym-qlbm-2005.oss-cn-guangzhou.aliyuncs.com/%E5%BE%AE%E4%BF%A1%E5%9B%BE%E7%89%87_2025-12-04_224407_588.jpg', 'https://zym-qlbm-2005.oss-cn-guangzhou.aliyuncs.com/%E5%BE%AE%E4%BF%A1%E5%9B%BE%E7%89%87_2025-12-04_224407_588.jpg,https://zym-qlbm-2005.oss-cn-guangzhou.aliyuncs.com/common.jpg', 0, 1, 0, '四件套 床品 纯棉 家纺', '纯棉高支四件套', 459.00, 299.00, 1, 4.7, 368, 2150, 300, '60支纯棉款', '纯棉,舒适,品质', 3, 3),
    (7, '2025-03-01 10:00:00', 0, '2025-04-11 10:00:00', 200.00, '无线运动蓝牙耳机，健身必备。', '<p>产品详情介绍：</p><p>蓝牙版本：5.2，稳定连接</p><p>续航：单次10小时，配合充电盒40小时</p><p>防水：IPX7级防水，适合运动</p><p>特点：挂耳式设计，运动不掉落</p>', 890, 'https://zym-qlbm-2005.oss-cn-guangzhou.aliyuncs.com/4676.jpg_wh860%20%281%29.jpg', 'https://zym-qlbm-2005.oss-cn-guangzhou.aliyuncs.com/4676.jpg_wh860%20%281%29.jpg,https://zym-qlbm-2005.oss-cn-guangzhou.aliyuncs.com/%E5%B1%8F%E5%B9%95%E6%88%AA%E5%9B%BE%202025-10-23%20234242.png', 0, 0, 1, '耳机 运动 蓝牙 无线', '运动挂耳蓝牙耳机', 499.00, 299.00, 1, 4.5, 235, 1680, 400, '挂耳运动款', '运动,防水,续航长', 4, 4),
    (8, '2025-03-05 10:00:00', 0, '2025-04-10 10:00:00', 250.00, '时尚手提包，百搭通勤款。', '<p>产品详情介绍：</p><p>材质：优质PU皮革</p><p>颜色：黑色、米色、棕色可选</p><p>尺寸：上宽35cm，下宽40cm，高28cm，厚15cm</p><p>内部结构：主袋、拉链暗袋、手机袋、证件袋</p><p>特点：简约大方，适合职场和日常</p>', 1100, 'https://zym-qlbm-2005.oss-cn-guangzhou.aliyuncs.com/common.jpg', 'https://zym-qlbm-2005.oss-cn-guangzhou.aliyuncs.com/common.jpg,https://zym-qlbm-2005.oss-cn-guangzhou.aliyuncs.com/%E5%BE%AE%E4%BF%A1%E5%9B%BE%E7%89%87_2025-12-04_224407_588.jpg', 1, 1, 1, '包 女包 手提包 通勤', '时尚百搭手提包', 599.00, 399.00, 1, 4.8, 568, 2890, 500, '经典通勤款', '百搭,实用,时尚', 6, 2);

-- ============================================
-- 13. 产品规格表 (product_specs) - 4条记录
-- ============================================
INSERT INTO product_specs (id, created_at, is_deleted, updated_at, name, sort, product_id)
VALUES
    (1, '2025-02-01 10:00:00', 0, '2025-02-01 10:00:00', '颜色', 1, 1),
    (2, '2025-02-01 10:00:00', 0, '2025-02-01 10:00:00', '内存', 2, 1),
    (3, '2025-02-10 10:00:00', 0, '2025-02-10 10:00:00', '颜色', 1, 3),
    (4, '2025-02-10 10:00:00', 0, '2025-02-10 10:00:00', '尺码', 2, 3);

-- ============================================
-- 14. 产品规格值表 (product_spec_values) - 8条记录
-- ============================================
INSERT INTO product_spec_values (id, created_at, is_deleted, updated_at, sort, value, spec_id)
VALUES
    (1, '2025-02-01 10:00:00', 0, '2025-02-01 10:00:00', 1, '黑色', 1),
    (2, '2025-02-01 10:00:00', 0, '2025-02-01 10:00:00', 2, '白色', 1),
    (3, '2025-02-01 10:00:00', 0, '2025-02-01 10:00:00', 3, '蓝色', 1),
    (4, '2025-02-01 10:00:00', 0, '2025-02-01 10:00:00', 1, '8GB+128GB', 2),
    (5, '2025-02-01 10:00:00', 0, '2025-02-01 10:00:00', 2, '12GB+256GB', 2),
    (6, '2025-02-10 10:00:00', 0, '2025-02-10 10:00:00', 1, '白色', 3),
    (7, '2025-02-10 10:00:00', 0, '2025-02-10 10:00:00', 2, '粉色', 3),
    (8, '2025-02-10 10:00:00', 0, '2025-02-10 10:00:00', 1, 'S', 4);

-- ============================================
-- 15. 产品SKU表 (product_skus) - 6条记录
-- ============================================
INSERT INTO product_skus (id, created_at, is_deleted, updated_at, image, low_stock, original_price, price, sku_code, specs, status, stock, product_id)
VALUES
    (1, '2025-02-01 10:00:00', 0, '2025-04-17 10:00:00', 'https://zym-qlbm-2005.oss-cn-guangzhou.aliyuncs.com/%E5%BE%AE%E4%BF%A1%E5%9B%BE%E7%89%87_2025-12-04_224407_588.jpg', 20, 4999.00, 3999.00, 'SKU001-BK-8G', '{"颜色":"黑色","内存":"8GB+128GB"}', 1, 200, 1),
    (2, '2025-02-01 10:00:00', 0, '2025-04-17 10:00:00', 'https://zym-qlbm-2005.oss-cn-guangzhou.aliyuncs.com/common.jpg', 20, 5999.00, 4999.00, 'SKU002-WT-12G', '{"颜色":"白色","内存":"12GB+256GB"}', 1, 300, 1),
    (3, '2025-02-10 10:00:00', 0, '2025-04-15 10:00:00', 'https://zym-qlbm-2005.oss-cn-guangzhou.aliyuncs.com/4676.jpg_wh860%20%281%29.jpg', 50, 399.00, 299.00, 'SKU003-WT-S', '{"颜色":"白色","尺码":"S"}', 1, 500, 3),
    (4, '2025-02-10 10:00:00', 0, '2025-04-15 10:00:00', 'https://zym-qlbm-2005.oss-cn-guangzhou.aliyuncs.com/%E5%BE%AE%E4%BF%A1%E5%9B%BE%E7%89%87_2025-12-04_224407_588.jpg', 50, 399.00, 299.00, 'SKU004-PK-S', '{"颜色":"粉色","尺码":"S"}', 1, 500, 3),
    (5, '2025-02-25 10:00:00', 0, '2025-04-13 10:00:00', 'https://zym-qlbm-2005.oss-cn-guangzhou.aliyuncs.com/%E5%BE%AE%E4%BF%A1%E5%9B%BE%E7%89%87_2025-12-04_224407_588.jpg', 30, 459.00, 299.00, 'SKU005-BL-SET', '{"颜色":"浅蓝色"}', 1, 300, 6),
    (6, '2025-03-05 10:00:00', 0, '2025-04-10 10:00:00', 'https://zym-qlbm-2005.oss-cn-guangzhou.aliyuncs.com/common.jpg', 40, 599.00, 399.00, 'SKU006-BK-BAG', '{"颜色":"黑色"}', 1, 250, 8);

-- ============================================
-- 16. 收藏表 (favorites) - 5条记录
-- ============================================
INSERT INTO favorites (id, created_at, is_deleted, updated_at, product_id, user_id)
VALUES
    (1, '2025-02-05 15:00:00', 0, '2025-02-05 15:00:00', 1, 1),
    (2, '2025-02-12 10:00:00', 0, '2025-02-12 10:00:00', 3, 1),
    (3, '2025-02-15 14:00:00', 0, '2025-02-15 14:00:00', 4, 2),
    (4, '2025-02-20 16:00:00', 0, '2025-02-20 16:00:00', 8, 3),
    (5, '2025-03-01 09:00:00', 0, '2025-03-01 09:00:00', 2, 4);

-- ============================================
-- 17. 购物车表 (cart_items) - 6条记录
-- ============================================
INSERT INTO cart_items (id, created_at, is_deleted, updated_at, checked, quantity, product_id, sku_id, user_id)
VALUES
    (1, '2025-03-10 10:00:00', 0, '2025-03-10 10:00:00', 1, 1, 1, 1, 1),
    (2, '2025-03-12 14:00:00', 0, '2025-03-12 14:00:00', 1, 2, 3, 3, 1),
    (3, '2025-03-15 09:00:00', 0, '2025-03-15 09:00:00', 1, 1, 4, NULL, 2),
    (4, '2025-03-18 16:00:00', 0, '2025-03-18 16:00:00', 0, 1, 5, NULL, 2),
    (5, '2025-03-20 11:00:00', 0, '2025-03-20 11:00:00', 1, 1, 8, 6, 3),
    (6, '2025-03-22 15:00:00', 0, '2025-03-22 15:00:00', 1, 3, 6, 5, 4);

-- ============================================
-- 18. 用户优惠券表 (user_coupons) - 5条记录
-- ============================================
INSERT INTO user_coupons (id, created_at, is_deleted, updated_at, coupon_name, coupon_type, expire_time, max_discount, min_amount, receive_time, status, use_time, value, coupon_id, order_id, user_id)
VALUES
    (1, '2025-03-01 12:00:00', 0, '2025-04-01 14:00:00', '新人专享券', 1, '2025-04-30 23:59:59', 50.00, 200.00, '2025-03-01 12:00:00', 2, '2025-04-01 14:00:00', 50.00, 1, 1, 1),
    (2, '2025-03-05 15:00:00', 0, '2025-04-10 10:00:00', '数码品类券', 2, '2025-05-15 23:59:59', NULL, 100.00, '2025-03-05 15:00:00', 2, '2025-04-10 10:00:00', 20.00, 2, 2, 1),
    (3, '2025-03-10 10:00:00', 0, '2025-03-20 09:00:00', '春季满减券', 1, '2025-04-20 23:59:59', 30.00, 150.00, '2025-03-10 10:00:00', 2, '2025-03-20 09:00:00', 30.00, 3, 3, 2),
    (4, '2025-03-15 14:00:00', 0, '2025-04-25 23:59:59', '家居大额券', 1, '2025-04-25 23:59:59', 100.00, 500.00, '2025-03-15 14:00:00', 1, NULL, 100.00, 5, NULL, 3),
    (5, '2025-03-20 16:00:00', 0, '2025-04-28 23:59:59', '手机专享券', 2, '2025-05-31 23:59:59', NULL, 300.00, '2025-03-20 16:00:00', 1, NULL, 50.00, 4, NULL, 4);

-- ============================================
-- 19. 订单表 (orders) - 5条记录
-- ============================================
INSERT INTO orders (id, created_at, is_deleted, updated_at, coupon_amount, discount_amount, finish_time, freight_amount, order_no, pay_amount, pay_time, points, receive_time, receiver_address, receiver_name, receiver_phone, remark, ship_time, status, total_amount, merchant_id, user_id)
VALUES
    (1, '2025-04-01 10:00:00', 0, '2025-04-05 14:00:00', 50.00, 0.00, '2025-04-05 14:00:00', 0.00, 'ORD202504010001', 3949.00, '2025-04-01 10:30:00', 395, '2025-04-05 12:00:00', '广东省深圳市南山区科技园南区A栋1201室', '张三', '13800138001', '请尽快发货', '2025-04-02 09:00:00', 4, 3999.00, 1, 1),
    (2, '2025-04-10 09:00:00', 0, '2025-04-14 10:00:00', 20.00, 0.00, '2025-04-14 10:00:00', 0.00, 'ORD202504100001', 5979.00, '2025-04-10 09:30:00', 598, '2025-04-14 09:00:00', '广东省深圳市南山区科技园南区A栋1201室', '张三', '13800138001', NULL, '2025-04-11 11:00:00', 4, 5999.00, 1, 1),
    (3, '2025-04-20 08:00:00', 0, '2025-04-24 15:00:00', 30.00, 0.00, '2025-04-24 15:00:00', 10.00, 'ORD202504200001', 568.00, '2025-04-20 08:30:00', 57, '2025-04-24 14:00:00', '上海市浦东新区陆家嘴金融中心1001室', '李四', '13800138002', '礼物请包精美一点', '2025-04-21 10:00:00', 4, 598.00, 2, 2),
    (4, '2025-04-15 11:00:00', 0, '2025-04-19 16:00:00', 0.00, 0.00, '2025-04-19 16:00:00', 0.00, 'ORD202504150001', 6999.00, '2025-04-15 11:30:00', 700, '2025-04-19 15:00:00', '北京市朝阳区建国门外大街1号', '王五', '13800138003', '搬运时请小心', '2025-04-17 09:00:00', 4, 6999.00, 3, 3),
    (5, '2025-04-22 14:00:00', 0, '2025-04-26 18:00:00', 100.00, 0.00, NULL, 0.00, 'ORD202504220001', 299.00, '2025-04-22 14:30:00', 30, NULL, '江苏省南京市玄武区中山路100号', '孙七', '13800138005', NULL, '2025-04-23 10:00:00', 3, 399.00, 2, 5);

-- ============================================
-- 20. 订单项表 (order_items) - 7条记录
-- ============================================
INSERT INTO order_items (id, created_at, is_deleted, updated_at, order_no, product_image, product_name, product_price, quantity, review_status, sku_specs, total_price, order_id, product_id, sku_id)
VALUES
    (1, '2025-04-01 10:00:00', 0, '2025-04-05 14:00:00', 'ORD202504010001', 'https://zym-qlbm-2005.oss-cn-guangzhou.aliyuncs.com/%E5%BE%AE%E4%BF%A1%E5%9B%BE%E7%89%87_2025-12-04_224407_588.jpg', '旗舰5G智能手机', 3999.00, 1, 1, '{"颜色":"黑色","内存":"8GB+128GB"}', 3999.00, 1, 1, 1),
    (2, '2025-04-10 09:00:00', 0, '2025-04-14 10:00:00', 'ORD202504100001', 'https://zym-qlbm-2005.oss-cn-guangzhou.aliyuncs.com/common.jpg', '高性能轻薄笔记本', 5999.00, 1, 1, NULL, 5999.00, 2, 2, NULL),
    (3, '2025-04-20 08:00:00', 0, '2025-04-24 15:00:00', 'ORD202504200001', 'https://zym-qlbm-2005.oss-cn-guangzhou.aliyuncs.com/4676.jpg_wh860%20%281%29.jpg', '春季新款时尚连衣裙', 299.00, 2, 0, '{"颜色":"白色","尺码":"S"}', 598.00, 3, 3, 3),
    (4, '2025-04-15 11:00:00', 0, '2025-04-19 16:00:00', 'ORD202504150001', 'https://zym-qlbm-2005.oss-cn-guangzhou.aliyuncs.com/%E5%B1%8F%E5%B9%95%E6%88%AA%E5%9B%BE%202025-10-23%20234242.png', '头层真皮沙发组合', 6999.00, 1, 1, NULL, 6999.00, 4, 4, NULL),
    (5, '2025-04-22 14:00:00', 0, '2025-04-26 18:00:00', 'ORD202504220001', 'https://zym-qlbm-2005.oss-cn-guangzhou.aliyuncs.com/common.jpg', '时尚百搭手提包', 399.00, 1, 0, '{"颜色":"黑色"}', 399.00, 5, 8, 6),
    (6, '2025-03-15 09:00:00', 0, '2025-03-15 09:00:00', 'ORD202503150001', 'https://zym-qlbm-2005.oss-cn-guangzhou.aliyuncs.com/%E5%B1%8F%E5%B9%95%E6%88%AA%E5%9B%BE%202025-10-23%20234242.png', '头层真皮沙发组合', 6999.00, 1, 0, NULL, 6999.00, 6, 4, NULL),
    (7, '2025-03-20 11:00:00', 0, '2025-03-20 11:00:00', 'ORD202503200001', 'https://zym-qlbm-2005.oss-cn-guangzhou.aliyuncs.com/common.jpg', '时尚百搭手提包', 399.00, 1, 0, '{"颜色":"黑色"}', 399.00, 7, 8, 6);

-- ============================================
-- 21. 订单物流表 (order_logistics) - 4条记录
-- ============================================
INSERT INTO order_logistics (id, created_at, is_deleted, updated_at, current_status, logistics_company, traces, tracking_number, order_id)
VALUES
    (1, '2025-04-02 09:00:00', 0, '2025-04-05 12:00:00', '已签收', '顺丰速运', '[{"time":"2025-04-02 09:00:00","status":"已发出，正在发往深圳市"},{"time":"2025-04-03 10:00:00","status":"已到达深圳分拨中心"},{"time":"2025-04-04 14:00:00","status":"正在派送，配送员：张师傅，电话：13900001111"},{"time":"2025-04-05 12:00:00","status":"已签收，签收人：本人"}]', 'SF1234567890', 1),
    (2, '2025-04-11 11:00:00', 0, '2025-04-14 09:00:00', '已签收', '中通快递', '[{"time":"2025-04-11 11:00:00","status":"已发出"},{"time":"2025-04-12 15:00:00","status":"已到达上海分拨中心"},{"time":"2025-04-13 09:00:00","status":"正在派送"},{"time":"2025-04-14 09:00:00","status":"已签收"}]', 'ZT9876543210', 2),
    (3, '2025-04-21 10:00:00', 0, '2025-04-24 14:00:00', '已签收', '圆通速递', '[{"time":"2025-04-21 10:00:00","status":"商品已出库"},{"time":"2025-04-22 08:00:00","status":"已到杭州转运中心"},{"time":"2025-04-23 16:00:00","status":"派送中"},{"time":"2025-04-24 14:00:00","status":"已签收"}]', 'YT5555666677', 3),
    (4, '2025-04-17 09:00:00', 0, '2025-04-19 15:00:00', '已签收', '京东物流', '[{"time":"2025-04-17 09:00:00","status":"京东小哥已取件"},{"time":"2025-04-18 11:00:00","status":"已到北京仓"},{"time":"2025-04-19 08:00:00","status":"正在为您配送"},{"time":"2025-04-19 15:00:00","status":"已签收"}]', 'JD8888999900', 4);

-- ============================================
-- 22. 订单退款表 (order_refunds) - 2条记录
-- ============================================
INSERT INTO order_refunds (id, created_at, is_deleted, updated_at, amount, description, images, reason, refund_no, reject_reason, status, type, merchant_id, order_id, order_item_id, user_id)
VALUES
    (1, '2025-04-10 10:00:00', 0, '2025-04-12 16:00:00', 199.00, '收到商品后发现有轻微划痕，影响使用体验', 'https://zym-qlbm-2005.oss-cn-guangzhou.aliyuncs.com/common.jpg,https://zym-qlbm-2005.oss-cn-guangzhou.aliyuncs.com/4676.jpg_wh860%20%281%29.jpg', '商品质量问题', 'REF202504100001', NULL, 2, 1, 1, 2, NULL, 1),
    (2, '2025-04-25 09:00:00', 0, '2025-04-27 11:00:00', 299.00, '尺码不合适，申请退货退款', 'https://zym-qlbm-2005.oss-cn-guangzhou.aliyuncs.com/%E5%BE%AE%E4%BF%A1%E5%9B%BE%E7%89%87_2025-12-04_224407_588.jpg', '尺码不合适', 'REF202504250001', NULL, 1, 2, 2, 5, 5, 5);

-- ============================================
-- 23. 产品评价表 (product_reviews) - 4条记录
-- ============================================
INSERT INTO product_reviews (id, created_at, is_deleted, updated_at, anonymous, content, images, like_count, rating, status, user_avatar, user_name, order_id, order_item_id, product_id, user_id)
VALUES
    (1, '2025-04-06 10:00:00', 0, '2025-04-06 10:00:00', 0, '手机非常满意！屏幕显示效果很棒，拍照效果也很清晰，运行速度很快，推荐购买！', 'https://zym-qlbm-2005.oss-cn-guangzhou.aliyuncs.com/%E5%BE%AE%E4%BF%A1%E5%9B%BE%E7%89%87_2025-12-04_224407_588.jpg,https://zym-qlbm-2005.oss-cn-guangzhou.aliyuncs.com/common.jpg', 128, 5, 1, 'https://zym-qlbm-2005.oss-cn-guangzhou.aliyuncs.com/%E5%BE%AE%E4%BF%A1%E5%9B%BE%E7%89%87_2025-12-04_224407_588.jpg', '张三', 1, 1, 1, 1),
    (2, '2025-04-15 14:00:00', 0, '2025-04-15 14:00:00', 0, '笔记本性能很强，运行大型软件也很流畅，轻薄设计方便携带，电池续航也不错。', 'https://zym-qlbm-2005.oss-cn-guangzhou.aliyuncs.com/common.jpg', 86, 5, 1, 'https://zym-qlbm-2005.oss-cn-guangzhou.aliyuncs.com/common.jpg', '张三', 2, 2, 2, 1),
    (3, '2025-04-25 11:00:00', 0, '2025-04-25 11:00:00', 0, '沙发质量很好，真皮手感舒适，颜色和图片一致，坐上去很舒服，家人都很喜欢！', 'https://zym-qlbm-2005.oss-cn-guangzhou.aliyuncs.com/%E5%B1%8F%E5%B9%95%E6%88%AA%E5%9B%BE%202025-10-23%20234242.png,https://zym-qlbm-2005.oss-cn-guangzhou.aliyuncs.com/common.jpg', 156, 5, 1, 'https://zym-qlbm-2005.oss-cn-guangzhou.aliyuncs.com/4676.jpg_wh860%20%281%29.jpg', '王五', 4, 4, 4, 3),
    (4, '2025-03-22 16:00:00', 0, '2025-03-22 16:00:00', 0, '四件套面料很舒服，颜色也很漂亮，尺寸标准，性价比高，好评！', NULL, 45, 5, 1, 'https://zym-qlbm-2005.oss-cn-guangzhou.aliyuncs.com/%E5%BE%AE%E4%BF%A1%E5%9B%BE%E7%89%87_2025-12-04_224407_588.jpg', '赵六', 6, 6, 6, 4);

-- ============================================
-- 24. 评价回复表 (review_replies) - 3条记录
-- ============================================
INSERT INTO review_replies (id, created_at, is_deleted, updated_at, content, merchant_id, review_id)
VALUES
    (1, '2025-04-06 12:00:00', 0, '2025-04-06 12:00:00', '感谢您的好评！您的满意是我们最大的动力。欢迎再次光临数码科技城，祝您生活愉快！', 1, 1),
    (2, '2025-04-15 16:00:00', 0, '2025-04-15 16:00:00', '感谢您的认可！本店笔记本均是正品行货，享受全国联保服务，期待您的下次光临！', 1, 2),
    (3, '2025-04-25 14:00:00', 0, '2025-04-25 14:00:00', '非常感谢您的好评！您的好评是对我们最大的支持和鼓励。家居生活馆将一如既往为您提供优质的产品和服务，祝您生活愉快！', 3, 3);

-- ============================================
-- 25. 提现记录表 (withdraw_records) - 3条记录
-- ============================================
INSERT INTO withdraw_records (id, created_at, is_deleted, updated_at, account_name, actual_amount, amount, apply_time, bank_account, bank_name, fee, process_time, remark, status, merchant_id)
VALUES
    (1, '2025-03-01 10:00:00', 0, '2025-03-05 14:00:00', '陈小明', 9500.00, 10000.00, '2025-03-01 10:00:00', '6222021234567890123', '中国工商银行', 500.00, '2025-03-05 14:00:00', '提现申请通过', 2, 1),
    (2, '2025-03-15 09:00:00', 0, '2025-03-18 16:00:00', '周小红', 4750.00, 5000.00, '2025-03-15 09:00:00', '6222021234567890456', '中国建设银行', 250.00, '2025-03-18 16:00:00', '提现成功', 2, 2),
    (3, '2025-04-01 11:00:00', 0, '2025-04-10 10:00:00', '吴大厨', 8000.00, 8500.00, '2025-04-01 11:00:00', '6222021234567890789', '中国农业银行', 500.00, NULL, '提现审核中，预计3个工作日内到账', 0, 3);

-- ============================================
-- 执行说明
-- ============================================
-- 请按照以下顺序执行SQL语句以确保外键约束正常：
-- 1. admins
-- 2. announcements
-- 3. banners
-- 4. categories
-- 5. users
-- 6. user_addresses
-- 7. merchant_applications
-- 8. merchants
-- 9. merchant_accounts
-- 10. coupons
-- 11. marketing_activities
-- 12. products
-- 13. product_specs
-- 14. product_spec_values
-- 15. product_skus
-- 16. favorites
-- 17. cart_items
-- 18. user_coupons
-- 19. orders
-- 20. order_items
-- 21. order_logistics
-- 22. order_refunds
-- 23. product_reviews
-- 24. review_replies
-- 25. withdraw_records
